ID,JOBID,NAME,PHONE,EMAIL,DATE,ADDRESS,COUNTRY,ISACTIVE
1,1,john doe,1923821,1john.doe@gmail.com,2018-01-01,118998,UK,1
2,1,Morris,1923821,2john.doe@gmail.com,2018-01-02,118999,UK,1
3,1,Donald Knuth,1923821,3john.doe@gmail.com,2018-01-03,119000,UK,1
4,1,Amy johnston,1923821,4john.doe@gmail.com,2018-01-04,119001,US,1
5,2,App1,1923822,5john.doe@gmail.com,2018-01-05,119002,US,1
6,2,App2,1923823,6john.doe@gmail.com,2018-01-06,119003,US,1
7,2,App3,1923824,7john.doe@gmail.com,2018-01-07,119004,US,1
8,1,google1,1923825,0.google.com,2018-01-08,119005,Canada,0
9,1,google2,1923826,1.google.com,2018-01-09,119006,Canada,0
10,2,google3,1923827,2.google.com,2018-01-10,119007,Canada,0
11,2,google4,1923828,3.google.com,2018-01-11,119008,Canada,0
12,1,john doe,1923829,1john.doe@gmail.com,2018-01-12,119009,UK,1
